{
    "A09": {
        "accuracy": 0.33098591549295775,
        "balanced_accuracy": 0.3317781690140845,
        "precision": 0.40434027777777776,
        "recall": 0.3317781690140845,
        "specificity": 0.7771727274834572,
        "f1_score": 0.3025445877522231,
        "cohen_kappa": 0.10868847043277174,
        "roc_auc": 0.5738548496530571,
        "pr_auc": 0.3197015797985823,
        "inference_latency_ms": 0.6848758375140983,
        "memory_usage_mb": 245.984375,
        "gpu_utilization_mb": 0.0,
        "train_time_sec": 0.21904587745666504
    }
}