{
    "A09": {
        "accuracy": 0.24647887323943662,
        "balanced_accuracy": 0.24320226917057902,
        "precision": 0.1534876041454989,
        "recall": 0.24320226917057902,
        "specificity": 0.7477742786584907,
        "f1_score": 0.1189862369922793,
        "cohen_kappa": -0.008981489167427581,
        "roc_auc": 0.5087924656155789,
        "pr_auc": 0.26659558304502506,
        "inference_latency_ms": 0.7973875797970195,
        "memory_usage_mb": 507.15625,
        "gpu_utilization_mb": 0.0,
        "train_time_sec": 0.2133171558380127
    }
}