{
    "A09": {
        "accuracy": 0.3591549295774648,
        "balanced_accuracy": 0.35968309859154923,
        "precision": 0.3488540259823783,
        "recall": 0.35968309859154923,
        "specificity": 0.7863383572462814,
        "f1_score": 0.35334712302509685,
        "cohen_kappa": 0.1455681555195556,
        "roc_auc": 0.6661888658895988,
        "pr_auc": 0.40274002472532616,
        "inference_latency_ms": 1.6201029361133845,
        "memory_usage_mb": 372.078125,
        "gpu_utilization_mb": 0.0,
        "train_time_sec": 2.1218130588531494
    }
}